run_id,width,images_seen,step,group_count,mean_loss,std_loss,min_loss,max_loss
exchangeability_cifar5m_sgd_lr04_job19123720,32,10000,80,4,1.880126953125,0.05652000474820451,1.828125,1.9755859375
exchangeability_cifar5m_sgd_lr04_job19123720,32,21544,176,4,1.596435546875,0.05105458569680697,1.5283203125,1.671875
exchangeability_cifar5m_sgd_lr04_job19123720,32,46415,368,4,1.3974609375,0.0738096506730028,1.3349609375,1.5234375
exchangeability_cifar5m_sgd_lr04_job19123720,32,100000,784,4,0.9429931640625,0.04838221070913071,0.87744140625,0.99462890625
exchangeability_cifar5m_sgd_lr04_job19123720,32,138949,1088,4,0.7706298828125,0.036866649070020435,0.74853515625,0.83447265625
exchangeability_cifar5m_sgd_lr04_job19123720,32,193069,1512,4,0.55999755859375,0.026865662460771378,0.521240234375,0.59326171875
exchangeability_cifar5m_sgd_lr04_job19123720,32,268269,2096,4,0.45513916015625,0.034249534085160675,0.39892578125,0.49169921875
exchangeability_cifar5m_sgd_lr04_job19123720,32,372759,2920,4,0.372589111328125,0.035735797310843115,0.3294677734375,0.423095703125
exchangeability_cifar5m_sgd_lr04_job19123720,32,517947,4048,4,0.312744140625,0.024224575941706628,0.2747802734375,0.342041015625
exchangeability_cifar5m_sgd_lr04_job19123720,32,719686,5624,4,0.248321533203125,0.01755148139981741,0.222900390625,0.2705078125
exchangeability_cifar5m_sgd_lr04_job19123720,32,1000000,7816,4,0.2102508544921875,0.023581909301642178,0.17584228515625,0.2412109375
exchangeability_cifar5m_sgd_lr04_job19123720,32,1389495,10856,4,0.189697265625,0.012963901670593263,0.169921875,0.2034912109375
exchangeability_cifar5m_sgd_lr04_job19123720,32,1930698,15088,4,0.19049072265625,0.008579945313806254,0.1846923828125,0.205322265625
exchangeability_cifar5m_sgd_lr04_job19123720,32,2682695,20960,4,0.1670074462890625,0.008692355050579532,0.15753173828125,0.176513671875
exchangeability_cifar5m_sgd_lr04_job19123720,32,3727593,29128,4,0.1736907958984375,0.012478993691329278,0.15753173828125,0.19091796875
exchangeability_cifar5m_sgd_lr04_job19123720,32,5000000,39063,4,0.14601487379807693,0.004542481754356757,0.13855919471153846,0.15046574519230768
exchangeability_cifar5m_sgd_lr04_job19123720,64,10000,80,4,1.895263671875,0.037355111281278094,1.8330078125,1.9248046875
exchangeability_cifar5m_sgd_lr04_job19123720,64,21544,176,4,1.62060546875,0.05142739832009425,1.572265625,1.7060546875
exchangeability_cifar5m_sgd_lr04_job19123720,64,46415,368,4,1.2861328125,0.02864675809350123,1.26171875,1.3349609375
exchangeability_cifar5m_sgd_lr04_job19123720,64,100000,784,4,0.89599609375,0.037011267827893,0.83935546875,0.94140625
exchangeability_cifar5m_sgd_lr04_job19123720,64,138949,1088,4,0.64947509765625,0.016702123021332452,0.622314453125,0.6650390625
exchangeability_cifar5m_sgd_lr04_job19123720,64,193069,1512,4,0.509765625,0.02817841861026566,0.469970703125,0.54833984375
exchangeability_cifar5m_sgd_lr04_job19123720,64,268269,2096,4,0.43048095703125,0.05718740093243466,0.365966796875,0.521728515625
exchangeability_cifar5m_sgd_lr04_job19123720,64,372759,2920,4,0.290924072265625,0.0061662879233641155,0.2803955078125,0.2958984375
exchangeability_cifar5m_sgd_lr04_job19123720,64,517947,4048,4,0.24749755859375,0.014089605910554664,0.231201171875,0.2698974609375
exchangeability_cifar5m_sgd_lr04_job19123720,64,719686,5624,4,0.222381591796875,0.016576495600164547,0.204833984375,0.246826171875
exchangeability_cifar5m_sgd_lr04_job19123720,64,1000000,7816,4,0.187347412109375,0.024936036149420297,0.1658935546875,0.228515625
exchangeability_cifar5m_sgd_lr04_job19123720,64,1389495,10856,4,0.16534423828125,0.007366187334180893,0.15380859375,0.17431640625
exchangeability_cifar5m_sgd_lr04_job19123720,64,1930698,15088,4,0.1607818603515625,0.016356190592414128,0.1419677734375,0.180419921875
exchangeability_cifar5m_sgd_lr04_job19123720,64,2682695,20960,4,0.1556243896484375,0.004286470604581947,0.1488037109375,0.16064453125
exchangeability_cifar5m_sgd_lr04_job19123720,64,3727593,29128,4,0.12939453125,0.004256518456035345,0.12335205078125,0.13531494140625
exchangeability_cifar5m_sgd_lr04_job19123720,64,5000000,39063,4,0.12337552584134615,0.005843107978812287,0.1133563701923077,0.1278357872596154
exchangeability_cifar5m_sgd_lr04_job19123720,128,10000,80,4,1.822265625,0.06315649474416024,1.7255859375,1.90234375
exchangeability_cifar5m_sgd_lr04_job19123720,128,21544,176,4,1.64404296875,0.05324057181265502,1.57421875,1.70703125
exchangeability_cifar5m_sgd_lr04_job19123720,128,46415,368,4,1.283935546875,0.0761135562757653,1.181640625,1.384765625
exchangeability_cifar5m_sgd_lr04_job19123720,128,100000,784,4,0.8709716796875,0.04406907350461726,0.79736328125,0.91064453125
exchangeability_cifar5m_sgd_lr04_job19123720,128,138949,1088,4,0.620849609375,0.03338662100220057,0.56884765625,0.6611328125
exchangeability_cifar5m_sgd_lr04_job19123720,128,193069,1512,4,0.50018310546875,0.046260098759532985,0.453857421875,0.56787109375
exchangeability_cifar5m_sgd_lr04_job19123720,128,268269,2096,4,0.3800048828125,0.02520951454820994,0.355224609375,0.4208984375
exchangeability_cifar5m_sgd_lr04_job19123720,128,372759,2920,4,0.3038330078125,0.05085653446545037,0.2332763671875,0.35693359375
exchangeability_cifar5m_sgd_lr04_job19123720,128,517947,4048,4,0.2444305419921875,0.020586198908251797,0.215576171875,0.2677001953125
exchangeability_cifar5m_sgd_lr04_job19123720,128,719686,5624,4,0.181610107421875,0.014318273976729174,0.1689453125,0.2041015625
exchangeability_cifar5m_sgd_lr04_job19123720,128,1000000,7816,4,0.1674652099609375,0.014513948084482623,0.14385986328125,0.183349609375
exchangeability_cifar5m_sgd_lr04_job19123720,128,1389495,10856,4,0.14324951171875,0.012499248958913321,0.12591552734375,0.15911865234375
exchangeability_cifar5m_sgd_lr04_job19123720,128,1930698,15088,4,0.1400299072265625,0.013682863383684796,0.12396240234375,0.16180419921875
exchangeability_cifar5m_sgd_lr04_job19123720,128,2682695,20960,4,0.11572265625,0.007151669256385732,0.1060791015625,0.12530517578125
exchangeability_cifar5m_sgd_lr04_job19123720,128,3727593,29128,4,0.105712890625,0.00880018166685072,0.09832763671875,0.12066650390625
exchangeability_cifar5m_sgd_lr04_job19123720,128,5000000,39063,4,0.10933274489182693,0.008033673191894566,0.09630408653846154,0.11793870192307693
exchangeability_cifar5m_sgd_lr04_job19123720,256,10000,80,8,1.8492431640625,0.055945904276221314,1.7841796875,1.9365234375
exchangeability_cifar5m_sgd_lr04_job19123720,256,21544,176,8,1.6541748046875,0.07155184454069796,1.548828125,1.796875
exchangeability_cifar5m_sgd_lr04_job19123720,256,46415,368,8,1.252685546875,0.047041913721445554,1.193359375,1.333984375
exchangeability_cifar5m_sgd_lr04_job19123720,256,100000,784,8,0.906494140625,0.08729145538620124,0.75390625,1.04248046875
exchangeability_cifar5m_sgd_lr04_job19123720,256,138949,1088,8,0.63873291015625,0.07134618169188624,0.5458984375,0.7783203125
exchangeability_cifar5m_sgd_lr04_job19123720,256,193069,1512,8,0.4931640625,0.08366555312037502,0.429931640625,0.7001953125
exchangeability_cifar5m_sgd_lr04_job19123720,256,268269,2096,8,0.3279571533203125,0.045116497938658164,0.2801513671875,0.42041015625
exchangeability_cifar5m_sgd_lr04_job19123720,256,372759,2920,8,0.273651123046875,0.03087689771399315,0.2440185546875,0.3455810546875
exchangeability_cifar5m_sgd_lr04_job19123720,256,517947,4048,8,0.19852447509765625,0.018601257144575764,0.1749267578125,0.2344970703125
exchangeability_cifar5m_sgd_lr04_job19123720,256,719686,5624,8,0.181793212890625,0.022656254932797652,0.155029296875,0.2220458984375
exchangeability_cifar5m_sgd_lr04_job19123720,256,1000000,7816,8,0.1558685302734375,0.010108772132355665,0.1387939453125,0.1697998046875
exchangeability_cifar5m_sgd_lr04_job19123720,256,1389495,10856,8,0.142486572265625,0.01569366269628563,0.11993408203125,0.16693115234375
exchangeability_cifar5m_sgd_lr04_job19123720,256,1930698,15088,8,0.12258148193359375,0.009519378111252844,0.11285400390625,0.14239501953125
exchangeability_cifar5m_sgd_lr04_job19123720,256,2682695,20960,8,0.1110076904296875,0.006620609046276169,0.10064697265625,0.1236572265625
exchangeability_cifar5m_sgd_lr04_job19123720,256,3727593,29128,8,0.107391357421875,0.013247406136586426,0.0877685546875,0.1298828125
exchangeability_cifar5m_sgd_lr04_job19123720,256,5000000,39063,8,0.10262709397536057,0.008962809840116874,0.09483924278846154,0.12501878004807693
exchangeability_cifar5m_sgd_lr04_job19123720,512,10000,80,16,1.8486328125,0.05581697575477973,1.7451171875,1.9384765625
exchangeability_cifar5m_sgd_lr04_job19123720,512,21544,176,16,1.639404296875,0.10083421601678896,1.5361328125,1.8857421875
exchangeability_cifar5m_sgd_lr04_job19123720,512,46415,368,16,1.316070556640625,0.09706497004983652,1.15283203125,1.5439453125
exchangeability_cifar5m_sgd_lr04_job19123720,512,100000,784,16,0.95355224609375,0.19130781133627073,0.78125,1.5625
exchangeability_cifar5m_sgd_lr04_job19123720,512,138949,1088,16,0.7053985595703125,0.11003535781916914,0.56396484375,0.9052734375
exchangeability_cifar5m_sgd_lr04_job19123720,512,193069,1512,16,0.49193572998046875,0.06127790576754047,0.385009765625,0.623046875
exchangeability_cifar5m_sgd_lr04_job19123720,512,268269,2096,16,0.35802459716796875,0.05982132648369264,0.2803955078125,0.487548828125
exchangeability_cifar5m_sgd_lr04_job19123720,512,372759,2920,16,0.2503089904785156,0.031058615525680865,0.197265625,0.302001953125
exchangeability_cifar5m_sgd_lr04_job19123720,512,517947,4048,16,0.20291519165039062,0.01896308341668925,0.16259765625,0.232666015625
exchangeability_cifar5m_sgd_lr04_job19123720,512,719686,5624,16,0.16576766967773438,0.018238031722007313,0.1380615234375,0.197998046875
exchangeability_cifar5m_sgd_lr04_job19123720,512,1000000,7816,16,0.14621734619140625,0.015385549450862322,0.12310791015625,0.171142578125
exchangeability_cifar5m_sgd_lr04_job19123720,512,1389495,10856,16,0.13079452514648438,0.011624482981939974,0.11773681640625,0.15277099609375
exchangeability_cifar5m_sgd_lr04_job19123720,512,1930698,15088,16,0.11710739135742188,0.011282731205276326,0.10235595703125,0.148681640625
exchangeability_cifar5m_sgd_lr04_job19123720,512,2682695,20960,16,0.10454368591308594,0.008945501486047414,0.08544921875,0.1177978515625
exchangeability_cifar5m_sgd_lr04_job19123720,512,3727593,29128,16,0.10585784912109375,0.011446774486184542,0.08917236328125,0.1328125
exchangeability_cifar5m_sgd_lr04_job19123720,512,5000000,39063,16,0.09745025634765625,0.00790582412465702,0.07598407451923077,0.11405123197115384
